id,name,model_id:id,group_id:id,perm_read,perm_write,perm_create,perm_unlink
access_afip_concept_manager,access_afip_concept_manager,model_afip_concept,account.group_account_manager,1,1,1,1
access_afip_tax_manager,access_afip_tax_manager,model_afip_tax,account.group_account_manager,1,1,1,1
access_afip_activity_manager,access_afip_activity_manager,model_afip_activity,account.group_account_manager,1,1,1,1
access_afip_activity_all,access_afip_activity_all,model_afip_activity,base.group_user,1,0,0,0
access_afip_concept_all,access_afip_concept_all,model_afip_concept,base.group_user,1,0,0,0
access_afip_tax_all,access_afip_tax_all,model_afip_tax,base.group_user,1,0,0,0
access_account_move_change_rate,access_account_move_change_rate,l10n_ar_ux.model_account_move_change_rate,base.group_user,1,1,1,0
