<?xml version="1.0" encoding="utf-8"?>
<odoo>
    <data noupdate="0">
        <record model="res.groups" id="group_pay_now_customer_invoices">
            <field name="category_id" ref="base.module_category_hidden"/>
            <field name="name">Allow pay now on customer invoices</field>
        </record>
        <record model="res.groups" id="group_pay_now_vendor_invoices">
            <field name="category_id" ref="base.module_category_hidden"/>
            <field name="name">Allow pay now on vendor invoices</field>
        </record>
        <record id="account_write_off_type_company_rule" model="ir.rule">
            <field name="name">Write Off Type multi-company</field>
            <field name="model_id" ref="model_account_write_off_type"/>
            <field name="domain_force">[('company_id', 'parent_of', company_ids)]</field>
        </record>
    </data>
</odoo>
