id,name,model_id:id,group_id:id,perm_read,perm_write,perm_create,perm_unlink
access_account_cashbox_user,access_account_cashbox_user,model_account_cashbox,account.group_account_invoice,1,0,0,0
access_account_cashbox_manager,access_account_cashbox_manager,model_account_cashbox,account.group_account_manager,1,1,1,1
access_account_cashbox_session_user,access_account_cashbox_session_user,model_account_cashbox_session,account.group_account_invoice,1,1,1,0
access_account_cashbox_session_manager,access_account_cashbox_session_manager,model_account_cashbox_session,account.group_account_manager,1,1,1,1
access_account_cashbox_session_line_user,access_account_cashbox_session_line_user,model_account_cashbox_session_line,account.group_account_invoice,1,1,1,0
access_account_cashbox_session_line_manager,access_account_cashbox_session_line_user,model_account_cashbox_session_line,account.group_account_manager,1,1,1,1
access_account_cashbox_payment_import_user,access_account_cashbox_payment_import_user,model_account_cashbox_payment_import,account.group_account_invoice,1,1,1,1
access_account_cashbox_payment_import_manager,access_account_cashbox_payment_import_manager,model_account_cashbox_payment_import,account.group_account_manager,1,1,1,1
