id,name,model_id:id,group_id:id,perm_read,perm_write,perm_create,perm_unlink
access_account_payment_withholding,access_account_payment_withholding,model_l10n_ar_payment_withholding,account.group_account_invoice,1,1,1,1
access_account_tax_withholding_rule_all,access_account_tax_withholding_rule_all,model_account_tax_withholding_rule,base.group_user,1,0,0,0
access_account_tax_withholding_rule_user,access_account_tax_withholding_rule_user,model_account_tax_withholding_rule,account.group_account_user,1,0,0,0
access_account_tax_withholding_rule_manager,access_account_tax_withholding_rule_manager,model_account_tax_withholding_rule,account.group_account_manager,1,1,1,1
